date,home_team,away_team,home_shots,away_shots,home_sot,away_sot,home_corners,away_corners,home_fouls,away_fouls,home_yellow,away_yellow,home_red,away_red,home_xg,away_xg,league,season
2024-08-09,Blackburn Rovers,Derby County,11,12,7,4,1,9,9,10,1.0,3.0,,,2.05,1.08,E1,2024-2025
2024-08-09,Preston North End,Sheffield United,12,11,2,3,3,6,11,14,1.0,0.0,,,0.64,1.02,E1,2024-2025
2024-08-10,Cardiff City,Sunderland,12,11,4,4,4,4,10,8,1.0,2.0,,,1.02,1.8,E1,2024-2025
2024-08-10,Hull City,Bristol City,11,15,5,3,2,8,10,13,0.0,2.0,,,1.67,1.25,E1,2024-2025
2024-08-10,Leeds United,Portsmouth,22,5,10,4,12,0,19,21,2.0,4.0,,,3.39,0.94,E1,2024-2025
2024-08-10,Middlesbrough,Swansea City,18,5,4,0,6,9,14,12,1.0,4.0,,,2.86,0.47,E1,2024-2025
2024-08-10,Millwall,Watford,16,10,4,5,5,5,11,15,2.0,3.0,,,2.0,1.12,E1,2024-2025
2024-08-10,Oxford United,Norwich City,12,10,4,2,5,5,4,14,1.0,3.0,,,0.91,0.83,E1,2024-2025
2024-08-10,Queens Park Rangers,West Bromwich Albion,11,7,6,4,12,3,7,7,1.0,0.0,,,0.85,1.49,E1,2024-2025
2024-08-10,Stoke City,Coventry City,11,8,2,1,9,7,7,9,2.0,1.0,,,0.95,0.74,E1,2024-2025
2024-08-11,Sheffield Wednesday,Plymouth Argyle,31,5,11,1,15,1,15,14,1.0,1.0,,,4.68,0.23,E1,2024-2025
2024-08-12,Luton Town,Burnley,10,11,3,6,5,4,11,17,2.0,3.0,,,1.43,1.46,E1,2024-2025
2024-08-16,Coventry City,Oxford United,26,7,10,2,13,1,9,7,0.0,3.0,,,2.95,0.96,E1,2024-2025
2024-08-17,Derby County,Middlesbrough,3,20,2,4,3,8,13,5,3.0,1.0,,,1.05,1.55,E1,2024-2025
2024-08-17,Portsmouth,Luton Town,15,9,6,4,5,4,11,12,3.0,4.0,0.0,1.0,0.93,0.95,E1,2024-2025
2024-08-17,West Bromwich Albion,Leeds United,8,8,1,1,5,4,14,11,2.0,2.0,,,0.71,0.71,E1,2024-2025
2024-08-17,Bristol City,Millwall,11,15,6,4,5,4,11,12,1.0,2.0,,,2.74,2.22,E1,2024-2025
2024-08-17,Burnley,Cardiff City,9,11,4,4,2,5,19,6,2.0,1.0,,,0.81,0.62,E1,2024-2025
2024-08-17,Norwich City,Blackburn Rovers,14,7,4,3,6,4,12,12,2.0,3.0,,,2.12,0.85,E1,2024-2025
2024-08-17,Plymouth Argyle,Hull City,16,14,7,2,6,3,13,16,3.0,1.0,,,0.69,0.8,E1,2024-2025
2024-08-17,Sheffield United,Queens Park Rangers,14,14,3,3,4,9,15,9,2.0,4.0,0.0,1.0,1.65,0.7,E1,2024-2025
2024-08-17,Swansea City,Preston North End,12,5,6,2,5,3,11,21,1.0,3.0,,,2.42,0.76,E1,2024-2025
2024-08-17,Watford,Stoke City,24,7,8,3,2,4,12,15,2.0,2.0,,,2.27,0.85,E1,2024-2025
2024-08-18,Sunderland,Sheffield Wednesday,15,9,6,3,5,8,9,10,0.0,3.0,,,1.67,0.38,E1,2024-2025
2024-08-23,Sheffield Wednesday,Leeds United,8,13,2,5,3,2,14,10,2.0,3.0,,,0.43,1.19,E1,2024-2025
2024-08-24,Bristol City,Coventry City,12,8,7,1,8,2,8,16,2.0,4.0,,,0.7,0.56,E1,2024-2025
2024-08-24,Hull City,Millwall,14,13,4,5,5,7,11,15,2.0,2.0,,,0.82,0.8,E1,2024-2025
2024-08-24,Queens Park Rangers,Plymouth Argyle,30,6,10,1,11,1,10,14,2.0,5.0,0.0,2.0,2.4,0.14,E1,2024-2025
2024-08-24,Blackburn Rovers,Oxford United,18,12,4,3,7,5,14,8,2.0,1.0,,,0.82,0.86,E1,2024-2025
2024-08-24,Middlesbrough,Portsmouth,30,7,7,3,15,2,10,15,0.0,5.0,,,2.8,1.05,E1,2024-2025
2024-08-24,Norwich City,Sheffield United,7,12,5,4,1,5,14,7,5.0,2.0,,,0.95,0.8,E1,2024-2025
2024-08-24,Preston North End,Luton Town,6,17,2,4,2,13,16,10,6.0,1.0,,,0.26,1.64,E1,2024-2025
2024-08-24,Stoke City,West Bromwich Albion,7,8,2,5,2,5,12,11,2.0,3.0,,,1.79,1.52,E1,2024-2025
2024-08-24,Sunderland,Burnley,14,4,3,1,3,1,13,19,4.0,3.0,1.0,0.0,0.73,0.13,E1,2024-2025
2024-08-24,Watford,Derby County,12,8,3,3,4,2,10,11,2.0,3.0,,,1.14,0.73,E1,2024-2025
2024-08-25,Swansea City,Cardiff City,9,7,4,3,2,5,14,14,2.0,2.0,,,1.4,0.79,E1,2024-2025
2024-08-30,Luton Town,Queens Park Rangers,11,11,5,4,4,5,13,10,3.0,2.0,,,1.47,0.86,E1,2024-2025
2024-08-31,Burnley,Blackburn Rovers,15,10,3,3,9,0,15,19,4.0,8.0,0.0,1.0,0.85,0.31,E1,2024-2025
2024-08-31,Cardiff City,Middlesbrough,12,10,3,5,4,5,13,10,2.0,1.0,,,0.5,0.81,E1,2024-2025
2024-08-31,Coventry City,Norwich City,14,9,5,1,6,3,11,10,4.0,3.0,,,1.15,0.4,E1,2024-2025
2024-08-31,Derby County,Bristol City,19,13,7,5,6,9,15,11,1.0,0.0,,,1.65,1.16,E1,2024-2025
2024-08-31,Leeds United,Hull City,16,9,5,2,8,7,12,15,2.0,1.0,,,1.48,0.49,E1,2024-2025
2024-08-31,Millwall,Sheffield Wednesday,18,4,4,1,6,6,16,13,2.0,1.0,,,3.05,0.15,E1,2024-2025
2024-08-31,Oxford United,Preston North End,10,10,5,4,2,5,8,21,2.0,5.0,0.0,1.0,1.95,1.05,E1,2024-2025
2024-08-31,Plymouth Argyle,Stoke City,15,15,7,7,10,4,14,17,1.0,3.0,,,0.77,1.65,E1,2024-2025
2024-08-31,Portsmouth,Sunderland,6,11,2,4,4,5,14,14,3.0,1.0,,,0.37,2.62,E1,2024-2025
2024-08-31,West Bromwich Albion,Swansea City,18,6,5,2,6,7,8,11,4.0,1.0,,,2.4,0.46,E1,2024-2025
2024-09-01,Sheffield United,Watford,18,7,7,1,8,5,15,12,5.0,3.0,,,2.24,0.87,E1,2024-2025
2024-09-13,Hull City,Sheffield United,10,9,2,4,16,3,6,10,2.0,4.0,,,1.42,0.72,E1,2024-2025
2024-09-14,Leeds United,Burnley,17,7,4,3,9,3,8,13,3.0,6.0,0.0,1.0,1.24,0.66,E1,2024-2025
2024-09-14,Millwall,Luton Town,11,10,3,6,6,4,8,20,2.0,3.0,,,0.97,0.59,E1,2024-2025
2024-09-14,Oxford United,Stoke City,14,9,8,1,4,6,5,6,0.0,1.0,,,1.21,0.53,E1,2024-2025
2024-09-14,Blackburn Rovers,Bristol City,9,8,3,2,6,6,13,15,0.0,4.0,,,0.98,0.74,E1,2024-2025
2024-09-14,Derby County,Cardiff City,12,9,3,3,7,6,12,10,2.0,3.0,,,1.49,0.34,E1,2024-2025
2024-09-14,Middlesbrough,Preston North End,16,5,6,1,9,2,6,21,0.0,5.0,,,1.64,0.44,E1,2024-2025
2024-09-14,Plymouth Argyle,Sunderland,13,17,6,6,3,5,14,12,4.0,4.0,,,1.76,1.75,E1,2024-2025
2024-09-14,Sheffield Wednesday,Queens Park Rangers,13,13,2,4,11,4,6,7,0.0,3.0,,,0.72,1.28,E1,2024-2025
2024-09-14,Swansea City,Norwich City,9,13,4,3,4,5,14,14,2.0,3.0,,,0.71,1.13,E1,2024-2025
2024-09-14,Watford,Coventry City,18,17,6,5,6,10,9,10,2.0,2.0,,,1.96,2.73,E1,2024-2025
2024-09-15,Portsmouth,West Bromwich Albion,14,19,0,7,10,4,18,6,6.0,2.0,,,0.7,2.14,E1,2024-2025
2024-09-20,Stoke City,Hull City,14,13,2,3,2,5,12,10,3.0,2.0,,,1.02,1.93,E1,2024-2025
2024-09-21,Norwich City,Watford,19,11,8,3,3,5,6,8,2.0,1.0,,,2.72,1.67,E1,2024-2025
2024-09-21,Queens Park Rangers,Millwall,7,16,2,5,5,10,9,12,2.0,1.0,,,0.85,1.86,E1,2024-2025
2024-09-21,Sunderland,Middlesbrough,9,12,2,1,3,5,8,15,3.0,2.0,,,1.17,1.28,E1,2024-2025
2024-09-21,Bristol City,Oxford United,19,7,6,2,5,1,16,14,1.0,4.0,,,2.32,1.74,E1,2024-2025
2024-09-21,Burnley,Portsmouth,18,5,4,2,4,2,15,4,2.0,2.0,,,1.04,1.38,E1,2024-2025
2024-09-21,Cardiff City,Leeds United,3,15,2,7,0,4,10,14,2.0,2.0,1.0,0.0,0.12,2.94,E1,2024-2025
2024-09-21,Coventry City,Swansea City,20,11,7,4,6,3,12,5,2.0,3.0,,,1.65,0.73,E1,2024-2025
2024-09-21,Luton Town,Sheffield Wednesday,15,12,3,6,8,5,9,14,1.0,3.0,0.0,1.0,2.3,0.85,E1,2024-2025
2024-09-21,Sheffield United,Derby County,18,2,5,0,11,2,11,13,3.0,2.0,,,1.1,0.05,E1,2024-2025
2024-09-21,West Bromwich Albion,Plymouth Argyle,17,17,4,4,5,2,9,9,3.0,2.0,,,2.65,0.78,E1,2024-2025
2024-09-22,Preston North End,Blackburn Rovers,7,6,5,3,3,4,10,16,4.0,5.0,1.0,1.0,0.34,0.83,E1,2024-2025
2024-09-27,Plymouth Argyle,Luton Town,19,16,6,2,3,15,4,13,1.0,4.0,,,1.67,1.69,E1,2024-2025
2024-09-28,Blackburn Rovers,Queens Park Rangers,19,6,12,1,8,2,16,11,3.0,2.0,0.0,1.0,2.23,0.55,E1,2024-2025
2024-09-28,Derby County,Norwich City,16,10,5,5,9,5,13,7,3.0,2.0,,,1.42,1.96,E1,2024-2025
2024-09-28,Sheffield Wednesday,West Bromwich Albion,12,12,5,3,5,4,11,14,6.0,3.0,,,1.19,1.02,E1,2024-2025
2024-09-28,Hull City,Cardiff City,18,16,9,5,7,5,9,12,3.0,4.0,,,2.35,1.76,E1,2024-2025
2024-09-28,Leeds United,Coventry City,13,7,8,2,7,3,16,15,1.0,2.0,,,1.66,0.41,E1,2024-2025
2024-09-28,Middlesbrough,Stoke City,26,7,9,1,7,2,10,17,4.0,7.0,,,2.46,0.72,E1,2024-2025
2024-09-28,Millwall,Preston North End,14,11,6,4,3,8,16,10,3.0,2.0,1.0,0.0,2.63,1.14,E1,2024-2025
2024-09-28,Oxford United,Burnley,3,14,1,1,2,6,8,13,1.0,2.0,,,0.09,1.54,E1,2024-2025
2024-09-28,Portsmouth,Sheffield United,9,12,2,4,14,9,12,19,2.0,3.0,,,0.5,0.55,E1,2024-2025
2024-09-28,Watford,Sunderland,13,17,5,5,4,6,11,11,2.0,1.0,,,1.89,1.01,E1,2024-2025
2024-09-29,Swansea City,Bristol City,7,15,2,6,3,8,10,15,1.0,3.0,,,1.0,2.06,E1,2024-2025
2024-10-01,Burnley,Plymouth Argyle,11,7,3,0,7,1,14,8,1.0,0.0,,,1.38,0.56,E1,2024-2025
2024-10-01,Cardiff City,Millwall,10,11,5,5,5,6,14,12,1.0,3.0,,,0.81,1.27,E1,2024-2025
2024-10-01,Coventry City,Blackburn Rovers,18,10,8,3,5,1,12,12,1.0,3.0,,,1.2,0.49,E1,2024-2025
2024-10-01,Luton Town,Oxford United,12,19,4,8,5,6,13,12,3.0,3.0,1.0,0.0,1.3,1.71,E1,2024-2025
2024-10-01,Norwich City,Leeds United,7,14,1,3,9,6,12,18,3.0,4.0,,,1.43,0.94,E1,2024-2025
2024-10-01,Queens Park Rangers,Hull City,21,15,7,6,5,6,12,11,1.0,3.0,,,2.41,1.72,E1,2024-2025
2024-10-01,Sunderland,Derby County,9,13,3,5,1,8,7,19,2.0,2.0,,,1.0,0.95,E1,2024-2025
2024-10-01,West Bromwich Albion,Middlesbrough,11,15,1,4,5,4,7,6,2.0,1.0,,,1.37,1.32,E1,2024-2025
2024-10-02,Preston North End,Watford,15,10,6,6,7,5,12,12,2.0,0.0,,,2.89,1.43,E1,2024-2025
2024-10-02,Sheffield United,Swansea City,15,8,3,1,5,5,13,9,3.0,2.0,,,1.72,0.95,E1,2024-2025
2024-10-02,Stoke City,Portsmouth,20,9,8,2,3,5,9,13,2.0,1.0,,,2.52,1.29,E1,2024-2025
2024-10-02,Bristol City,Sheffield Wednesday,10,7,2,1,6,5,10,12,2.0,1.0,,,0.98,0.29,E1,2024-2025
2024-10-04,Sunderland,Leeds United,14,15,4,4,8,1,11,16,3.0,3.0,,,1.87,2.42,E1,2024-2025
2024-10-05,Burnley,Preston North End,9,9,1,2,2,3,10,12,3.0,4.0,,,0.46,0.85,E1,2024-2025
2024-10-05,Norwich City,Hull City,19,16,9,5,4,7,11,14,4.0,4.0,,,3.83,0.99,E1,2024-2025
2024-10-05,Portsmouth,Oxford United,21,13,8,3,11,4,11,10,0.0,1.0,,,2.04,1.9,E1,2024-2025
2024-10-05,Coventry City,Sheffield Wednesday,13,13,2,5,6,6,12,17,4.0,3.0,,,0.73,1.5,E1,2024-2025
2024-10-05,Derby County,Queens Park Rangers,10,11,5,3,6,9,12,10,1.0,1.0,,,1.01,0.52,E1,2024-2025
2024-10-05,Plymouth Argyle,Blackburn Rovers,17,7,7,4,5,5,8,16,4.0,3.0,,,1.67,0.69,E1,2024-2025
2024-10-05,Sheffield United,Luton Town,15,8,7,2,5,6,10,8,2.0,1.0,,,1.43,0.39,E1,2024-2025
2024-10-05,Swansea City,Stoke City,19,10,5,4,5,9,8,14,0.0,4.0,,,2.04,0.88,E1,2024-2025
2024-10-05,Watford,Middlesbrough,9,11,4,5,7,5,15,11,3.0,1.0,,,1.01,1.82,E1,2024-2025
2024-10-05,West Bromwich Albion,Millwall,13,6,3,4,5,2,8,15,2.0,3.0,,,0.73,0.55,E1,2024-2025
2024-10-06,Bristol City,Cardiff City,16,15,2,2,4,6,8,12,2.0,1.0,,,1.01,1.34,E1,2024-2025
2024-10-18,Leeds United,Sheffield United,13,5,4,0,7,3,10,10,1.0,2.0,,,1.19,0.2,E1,2024-2025
2024-10-19,Cardiff City,Plymouth Argyle,25,6,11,2,9,1,15,10,3.0,1.0,0.0,1.0,2.48,0.47,E1,2024-2025
2024-10-19,Luton Town,Watford,13,9,5,1,11,4,22,20,3.0,2.0,,,1.3,0.45,E1,2024-2025
2024-10-19,Oxford United,West Bromwich Albion,12,14,3,3,5,8,16,10,3.0,1.0,,,0.87,0.73,E1,2024-2025
2024-10-19,Preston North End,Coventry City,18,12,3,1,9,9,12,12,4.0,0.0,,,2.02,0.94,E1,2024-2025
2024-10-19,Blackburn Rovers,Swansea City,8,14,3,2,3,8,15,5,1.0,2.0,,,0.81,1.14,E1,2024-2025
2024-10-19,Middlesbrough,Bristol City,20,9,2,3,7,0,13,10,5.0,3.0,,,1.6,0.68,E1,2024-2025
2024-10-19,Millwall,Derby County,16,5,6,1,9,5,12,14,2.0,0.0,,,1.94,0.68,E1,2024-2025
2024-10-19,Queens Park Rangers,Portsmouth,15,11,8,3,3,5,11,11,1.0,3.0,,,0.96,1.42,E1,2024-2025
2024-10-19,Sheffield Wednesday,Burnley,13,14,3,6,10,3,10,11,1.0,2.0,,,1.5,1.71,E1,2024-2025
2024-10-19,Stoke City,Norwich City,14,12,5,4,8,7,7,9,0.0,1.0,,,1.0,1.52,E1,2024-2025
2024-10-20,Hull City,Sunderland,9,10,1,2,4,4,12,8,1.0,1.0,,,0.49,1.05,E1,2024-2025
2024-10-22,Cardiff City,Portsmouth,24,8,10,2,12,5,9,13,2.0,2.0,,,2.72,0.68,E1,2024-2025
2024-10-22,Leeds United,Watford,24,9,7,3,10,4,7,11,2.0,1.0,,,1.84,0.69,E1,2024-2025
2024-10-22,Oxford United,Derby County,11,17,3,4,1,6,8,8,1.0,5.0,,,0.46,1.15,E1,2024-2025
2024-10-22,Preston North End,Norwich City,8,9,2,3,5,2,12,15,2.0,3.0,,,1.62,0.74,E1,2024-2025
2024-10-22,Sheffield Wednesday,Swansea City,8,9,0,1,9,6,8,5,0.0,4.0,,,0.58,0.83,E1,2024-2025
2024-10-22,Stoke City,Bristol City,10,28,6,10,6,13,10,5,3.0,1.0,,,0.83,2.44,E1,2024-2025
2024-10-22,Queens Park Rangers,Coventry City,16,8,5,3,7,3,7,13,2.0,1.0,,,0.72,0.76,E1,2024-2025
2024-10-23,Blackburn Rovers,West Bromwich Albion,8,9,2,4,4,4,10,7,1.0,1.0,,,0.89,0.44,E1,2024-2025
2024-10-23,Hull City,Burnley,11,11,2,5,4,8,4,15,0.0,1.0,,,0.89,0.65,E1,2024-2025
2024-10-23,Luton Town,Sunderland,19,8,4,5,10,3,14,12,2.0,4.0,,,1.8,0.7,E1,2024-2025
2024-10-23,Millwall,Plymouth Argyle,13,9,6,2,6,2,12,11,5.0,1.0,,,1.19,0.63,E1,2024-2025
2024-10-23,Middlesbrough,Sheffield United,18,9,6,5,8,6,7,4,0.0,1.0,,,1.42,0.41,E1,2024-2025
2024-10-25,Portsmouth,Sheffield Wednesday,9,9,2,3,7,7,10,14,1.0,3.0,,,0.7,1.14,E1,2024-2025
2024-10-26,Bristol City,Leeds United,4,17,0,5,7,6,11,10,1.0,3.0,,,0.16,1.38,E1,2024-2025
2024-10-26,Coventry City,Luton Town,26,9,10,5,11,5,9,16,2.0,5.0,0.0,1.0,3.34,1.71,E1,2024-2025
2024-10-26,Watford,Blackburn Rovers,10,12,1,2,6,3,9,17,5.0,4.0,,,2.03,1.44,E1,2024-2025
2024-10-26,Burnley,Queens Park Rangers,22,2,4,0,16,1,7,10,0.0,1.0,,,1.2,0.08,E1,2024-2025
2024-10-26,Derby County,Hull City,14,11,3,5,5,3,10,11,1.0,4.0,,,0.63,1.08,E1,2024-2025
2024-10-26,Plymouth Argyle,Preston North End,12,16,6,8,2,1,12,16,0.0,3.0,,,1.17,2.08,E1,2024-2025
2024-10-26,Sheffield United,Stoke City,19,7,6,3,5,3,12,14,4.0,2.0,,,1.36,0.42,E1,2024-2025
2024-10-26,Sunderland,Oxford United,13,5,6,2,8,2,9,8,2.0,2.0,,,1.22,0.15,E1,2024-2025
2024-10-26,Swansea City,Millwall,17,6,5,2,10,6,13,14,1.0,4.0,,,1.93,0.37,E1,2024-2025
2024-10-26,West Bromwich Albion,Cardiff City,19,5,4,0,12,1,9,18,4.0,3.0,,,1.6,0.57,E1,2024-2025
2024-10-27,Norwich City,Middlesbrough,9,14,3,8,3,2,15,7,2.0,3.0,1.0,0.0,1.1,3.73,E1,2024-2025
2024-11-01,Luton Town,West Bromwich Albion,13,10,5,3,6,3,10,13,1.0,2.0,,,0.95,0.72,E1,2024-2025
2024-11-02,Blackburn Rovers,Sheffield United,9,20,0,9,5,8,11,14,1.0,2.0,,,0.61,2.19,E1,2024-2025
2024-11-02,Oxford United,Swansea City,9,16,2,5,1,8,15,8,1.0,1.0,,,1.41,2.57,E1,2024-2025
2024-11-02,Stoke City,Derby County,13,9,4,3,9,4,10,14,2.0,3.0,,,2.25,0.64,E1,2024-2025
2024-11-02,Cardiff City,Norwich City,11,16,5,6,4,4,11,15,3.0,2.0,,,0.64,1.65,E1,2024-2025
2024-11-02,Hull City,Portsmouth,10,9,3,4,5,3,12,7,1.0,4.0,,,1.4,0.85,E1,2024-2025
2024-11-02,Leeds United,Plymouth Argyle,23,0,7,0,9,0,11,15,,,,,1.86,0.0,E1,2024-2025
2024-11-02,Middlesbrough,Coventry City,9,10,1,4,6,8,4,12,3.0,3.0,1.0,0.0,0.92,2.46,E1,2024-2025
2024-11-02,Preston North End,Bristol City,14,5,2,3,4,1,11,20,4.0,3.0,,,0.6,1.02,E1,2024-2025
2024-11-02,Queens Park Rangers,Sunderland,17,8,3,1,6,6,12,10,1.0,2.0,0.0,1.0,1.4,0.83,E1,2024-2025
2024-11-02,Sheffield Wednesday,Watford,14,16,6,8,6,2,14,16,3.0,3.0,,,1.51,4.1,E1,2024-2025
2024-11-03,Millwall,Burnley,12,8,3,0,2,3,17,12,2.0,2.0,,,0.99,0.2,E1,2024-2025
2024-11-05,Bristol City,Sheffield United,12,11,2,4,2,4,8,12,0.0,2.0,1.0,0.0,1.47,1.01,E1,2024-2025
2024-11-05,Oxford United,Hull City,4,12,2,2,2,6,8,10,2.0,1.0,,,0.6,1.12,E1,2024-2025
2024-11-05,Queens Park Rangers,Middlesbrough,7,12,5,8,8,5,8,11,0.0,3.0,,,0.45,2.24,E1,2024-2025
2024-11-05,Sheffield Wednesday,Norwich City,12,5,5,3,2,5,6,16,,,,,1.95,0.31,E1,2024-2025
2024-11-05,Plymouth Argyle,Portsmouth,10,14,4,4,5,6,8,21,4.0,2.0,,,0.79,0.8,E1,2024-2025
2024-11-05,Swansea City,Watford,12,7,3,0,6,8,9,10,3.0,2.0,,,2.0,0.35,E1,2024-2025
2024-11-06,Blackburn Rovers,Stoke City,25,15,8,7,9,4,8,8,1.0,2.0,,,2.78,2.34,E1,2024-2025
2024-11-06,Coventry City,Derby County,11,3,3,1,9,6,5,11,1.0,2.0,,,1.23,0.4,E1,2024-2025
2024-11-06,Millwall,Leeds United,6,14,3,4,2,12,11,14,2.0,1.0,,,0.36,0.74,E1,2024-2025
2024-11-06,Luton Town,Cardiff City,8,10,3,3,6,6,12,13,2.0,1.0,,,0.99,0.39,E1,2024-2025
2024-11-06,Preston North End,Sunderland,14,10,2,2,4,4,20,11,2.0,1.0,,,1.6,0.73,E1,2024-2025
2024-11-07,West Bromwich Albion,Burnley,11,11,1,4,2,8,6,20,3.0,3.0,,,0.78,1.06,E1,2024-2025
2024-11-08,Watford,Oxford United,16,10,8,3,11,4,12,8,5.0,2.0,,,1.72,1.38,E1,2024-2025
2024-11-09,Cardiff City,Blackburn Rovers,20,11,8,7,12,1,11,6,0.0,3.0,,,1.6,2.43,E1,2024-2025
2024-11-09,Middlesbrough,Luton Town,11,5,6,3,1,1,6,15,1.0,4.0,,,1.32,0.32,E1,2024-2025
2024-11-09,Stoke City,Millwall,8,8,3,1,9,2,13,8,2.0,2.0,,,0.74,1.93,E1,2024-2025
2024-11-09,Derby County,Plymouth Argyle,20,5,4,2,8,3,7,11,1.0,4.0,,,1.09,0.14,E1,2024-2025
2024-11-09,Leeds United,Queens Park Rangers,21,5,6,0,7,1,12,13,1.0,2.0,,,2.16,0.34,E1,2024-2025
2024-11-09,Norwich City,Bristol City,9,9,3,2,3,3,16,8,2.0,0.0,,,0.28,0.88,E1,2024-2025
2024-11-09,Portsmouth,Preston North End,18,6,5,1,11,5,12,13,1.0,0.0,,,2.21,0.51,E1,2024-2025
2024-11-09,Sunderland,Coventry City,9,8,5,3,2,7,10,16,3.0,4.0,,,0.66,0.66,E1,2024-2025
2024-11-10,Sheffield United,Sheffield Wednesday,8,10,1,0,5,6,15,22,1.0,3.0,,,0.5,0.39,E1,2024-2025
2024-11-10,Hull City,West Bromwich Albion,13,5,3,3,4,3,16,10,1.0,2.0,,,1.16,1.17,E1,2024-2025
2024-11-10,Burnley,Swansea City,20,9,7,4,5,1,13,12,1.0,3.0,,,1.85,0.64,E1,2024-2025
2024-11-22,Plymouth Argyle,Watford,10,12,3,5,2,8,5,13,2.0,1.0,,,0.44,2.26,E1,2024-2025
2024-11-23,Bristol City,Burnley,7,14,2,5,8,3,9,15,3.0,4.0,,,0.73,1.47,E1,2024-2025
2024-11-23,Coventry City,Sheffield United,20,7,6,2,12,2,13,6,4.0,2.0,0.0,1.0,2.21,1.32,E1,2024-2025
2024-11-23,Sheffield Wednesday,Cardiff City,16,9,3,4,6,2,8,13,0.0,1.0,,,2.77,1.25,E1,2024-2025
2024-11-23,Luton Town,Hull City,6,14,2,2,9,4,10,10,2.0,1.0,,,0.77,1.55,E1,2024-2025
2024-11-23,Millwall,Sunderland,11,9,5,6,10,2,14,16,1.0,2.0,,,1.43,0.97,E1,2024-2025
2024-11-23,Oxford United,Middlesbrough,11,16,7,12,6,9,9,8,1.0,3.0,,,0.58,2.89,E1,2024-2025
2024-11-23,Preston North End,Derby County,11,5,3,1,7,3,8,12,2.0,2.0,,,0.32,0.56,E1,2024-2025
2024-11-23,Queens Park Rangers,Stoke City,23,9,5,5,10,4,9,10,3.0,2.0,,,2.16,1.19,E1,2024-2025
2024-11-23,West Bromwich Albion,Norwich City,22,11,6,5,11,2,4,12,1.0,2.0,,,1.71,1.35,E1,2024-2025
2024-11-24,Swansea City,Leeds United,10,13,5,4,1,2,11,11,2.0,2.0,,,1.33,2.2,E1,2024-2025
2025-01-15,Blackburn Rovers,Portsmouth,13,11,6,2,5,6,15,19,1.0,4.0,,,1.36,1.1,E1,2024-2025
2024-11-26,Burnley,Coventry City,12,3,3,1,6,2,10,7,1.0,1.0,,,0.97,0.11,E1,2024-2025
2024-11-26,Hull City,Sheffield Wednesday,9,16,3,4,4,6,12,9,2.0,2.0,,,1.0,2.16,E1,2024-2025
2024-11-26,Norwich City,Plymouth Argyle,19,13,10,4,8,4,11,5,0.0,1.0,,,3.15,0.62,E1,2024-2025
2024-11-26,Sheffield United,Oxford United,14,9,8,3,7,7,8,7,1.0,1.0,,,3.56,0.26,E1,2024-2025
2024-11-26,Stoke City,Preston North End,12,8,1,3,8,10,7,10,1.0,2.0,0.0,1.0,0.71,0.69,E1,2024-2025
2024-11-26,Watford,Bristol City,7,14,1,5,3,6,15,11,2.0,2.0,,,0.36,0.7,E1,2024-2025
2024-11-26,Sunderland,West Bromwich Albion,18,2,2,0,13,2,9,7,,,,,0.91,0.46,E1,2024-2025
2024-11-27,Cardiff City,Queens Park Rangers,24,10,7,5,14,4,12,5,0.0,1.0,,,1.31,0.91,E1,2024-2025
2024-11-27,Leeds United,Luton Town,20,7,11,4,9,1,9,12,1.0,2.0,,,2.07,0.8,E1,2024-2025
2024-11-27,Middlesbrough,Blackburn Rovers,10,7,2,2,5,3,7,7,1.0,0.0,,,0.67,1.43,E1,2024-2025
2024-11-27,Derby County,Swansea City,18,3,7,2,6,2,16,14,3.0,1.0,,,3.46,0.24,E1,2024-2025
2025-01-28,Portsmouth,Millwall,15,7,3,1,7,3,9,15,0.0,2.0,,,1.18,1.4,E1,2024-2025
2024-11-29,Sheffield United,Sunderland,14,16,4,2,8,8,12,8,6.0,2.0,1.0,1.0,0.91,1.78,E1,2024-2025
2024-11-30,Middlesbrough,Hull City,21,10,8,3,7,6,8,10,1.0,2.0,,,1.84,1.21,E1,2024-2025
2024-11-30,Oxford United,Millwall,8,11,3,3,2,11,10,14,0.0,4.0,,,0.9,0.88,E1,2024-2025
2024-11-30,Watford,Queens Park Rangers,17,16,6,1,7,5,17,14,2.0,3.0,,,0.79,1.25,E1,2024-2025
2024-11-30,Blackburn Rovers,Leeds United,11,13,2,5,3,9,9,12,2.0,2.0,,,2.17,1.28,E1,2024-2025
2024-11-30,Bristol City,Plymouth Argyle,24,4,12,2,5,2,7,16,1.0,3.0,,,3.2,0.14,E1,2024-2025
2024-11-30,Coventry City,Cardiff City,12,10,6,4,5,1,10,15,1.0,7.0,,,2.56,0.69,E1,2024-2025
2024-11-30,Norwich City,Luton Town,15,12,6,3,6,5,9,12,1.0,2.0,,,1.85,1.51,E1,2024-2025
2024-11-30,Preston North End,West Bromwich Albion,13,8,6,3,7,4,12,10,2.0,1.0,,,0.93,0.51,E1,2024-2025
2024-11-30,Stoke City,Burnley,14,16,5,4,6,4,10,5,2.0,0.0,,,0.82,2.95,E1,2024-2025
2024-11-30,Swansea City,Portsmouth,22,6,6,4,9,1,8,11,1.0,4.0,,,2.69,0.92,E1,2024-2025
2024-12-01,Derby County,Sheffield Wednesday,13,10,4,2,7,5,20,7,5.0,1.0,,,1.83,0.94,E1,2024-2025
2024-12-06,Burnley,Middlesbrough,15,10,4,5,11,3,12,10,1.0,0.0,,,0.64,0.88,E1,2024-2025
2024-12-07,Leeds United,Derby County,18,3,6,1,10,2,6,10,0.0,1.0,,,1.26,0.08,E1,2024-2025
2024-12-07,Sheffield Wednesday,Preston North End,13,14,4,7,6,3,16,9,4.0,2.0,,,1.46,3.34,E1,2024-2025
2024-12-07,Sunderland,Stoke City,24,11,10,3,9,4,5,9,,,,,2.4,0.79,E1,2024-2025
2024-12-07,Hull City,Blackburn Rovers,14,5,6,1,9,2,10,14,2.0,4.0,,,0.96,0.3,E1,2024-2025
2024-12-07,Luton Town,Swansea City,8,20,2,10,5,8,16,10,,,,,0.87,2.16,E1,2024-2025
2024-12-07,Millwall,Coventry City,9,14,0,3,7,8,11,11,2.0,1.0,,,0.48,1.77,E1,2024-2025
2024-12-07,Portsmouth,Bristol City,13,11,8,2,6,7,14,12,3.0,3.0,,,2.44,1.22,E1,2024-2025
2024-12-07,Queens Park Rangers,Norwich City,9,5,5,1,2,9,8,12,5.0,2.0,,,0.84,0.36,E1,2024-2025
2024-12-08,West Bromwich Albion,Sheffield United,11,12,4,5,6,5,8,13,2.0,4.0,,,0.77,1.09,E1,2024-2025
2025-01-14,Cardiff City,Watford,12,4,4,2,7,3,8,14,1.0,2.0,,,0.72,1.0,E1,2024-2025
2025-01-14,Plymouth Argyle,Oxford United,11,8,2,3,6,3,8,10,1.0,1.0,,,0.62,0.38,E1,2024-2025
2024-12-10,Burnley,Derby County,14,6,4,1,6,2,8,15,1.0,2.0,,,0.97,0.58,E1,2024-2025
2024-12-10,Luton Town,Stoke City,18,15,8,4,10,4,7,16,1.0,2.0,,,2.25,1.29,E1,2024-2025
2024-12-10,Plymouth Argyle,Swansea City,14,10,2,2,6,3,10,20,0.0,3.0,,,1.4,1.96,E1,2024-2025
2024-12-10,Portsmouth,Norwich City,15,5,1,4,8,3,14,21,3.0,5.0,,,0.83,0.28,E1,2024-2025
2024-12-10,Sheffield Wednesday,Blackburn Rovers,16,8,4,3,8,3,8,12,0.0,2.0,,,0.87,0.9,E1,2024-2025
2024-12-10,Sunderland,Bristol City,21,7,5,2,8,4,10,12,2.0,5.0,,,1.68,0.48,E1,2024-2025
2024-12-10,Leeds United,Middlesbrough,17,6,5,2,7,4,11,17,1.0,2.0,,,1.93,0.48,E1,2024-2025
2024-12-11,Cardiff City,Preston North End,13,14,4,4,7,2,11,16,2.0,5.0,,,0.63,1.1,E1,2024-2025
2024-12-11,Hull City,Watford,13,12,4,2,6,2,15,7,2.0,3.0,,,1.53,1.11,E1,2024-2025
2024-12-11,Millwall,Sheffield United,11,9,3,1,7,3,10,9,0.0,2.0,,,0.98,1.46,E1,2024-2025
2024-12-11,Queens Park Rangers,Oxford United,11,4,4,1,0,4,11,20,2.0,2.0,,,0.66,0.09,E1,2024-2025
2024-12-11,West Bromwich Albion,Coventry City,10,17,2,4,9,9,5,7,1.0,1.0,,,0.47,2.21,E1,2024-2025
2024-12-13,Derby County,Portsmouth,17,3,7,0,5,3,8,6,0.0,1.0,,,1.82,0.56,E1,2024-2025
2024-12-14,Bristol City,Queens Park Rangers,17,5,5,2,10,3,5,9,1.0,2.0,,,1.99,0.16,E1,2024-2025
2024-12-14,Coventry City,Hull City,18,10,7,4,10,2,16,11,3.0,3.0,,,3.18,0.94,E1,2024-2025
2024-12-14,Preston North End,Leeds United,5,18,2,4,2,8,16,7,3.0,1.0,,,0.67,2.22,E1,2024-2025
2024-12-14,Blackburn Rovers,Luton Town,12,10,6,4,4,4,14,11,3.0,2.0,0.0,1.0,1.68,0.89,E1,2024-2025
2024-12-14,Middlesbrough,Millwall,11,12,2,4,3,4,14,10,2.0,2.0,,,1.05,1.29,E1,2024-2025
2024-12-14,Oxford United,Sheffield Wednesday,11,15,5,9,7,11,9,11,0.0,1.0,,,1.42,1.87,E1,2024-2025
2024-12-14,Sheffield United,Plymouth Argyle,10,12,3,4,2,3,10,13,0.0,2.0,,,1.29,1.08,E1,2024-2025
2024-12-14,Stoke City,Cardiff City,14,19,5,4,4,4,10,10,4.0,1.0,,,1.79,1.89,E1,2024-2025
2024-12-14,Swansea City,Sunderland,9,13,3,5,2,4,12,14,1.0,4.0,,,1.03,0.97,E1,2024-2025
2024-12-15,Watford,West Bromwich Albion,14,16,7,5,4,5,9,7,2.0,3.0,,,1.4,1.39,E1,2024-2025
2024-12-15,Norwich City,Burnley,12,10,6,5,6,5,14,13,3.0,1.0,,,1.07,0.46,E1,2024-2025
2024-12-20,Luton Town,Derby County,18,10,5,3,7,3,12,14,1.0,3.0,,,0.96,0.46,E1,2024-2025
2024-12-21,Hull City,Swansea City,12,8,5,2,3,5,12,11,3.0,2.0,,,1.4,0.84,E1,2024-2025
2024-12-21,Portsmouth,Coventry City,12,7,7,3,10,2,14,14,1.0,0.0,,,2.06,1.75,E1,2024-2025
2024-12-21,Sheffield Wednesday,Stoke City,6,15,4,4,6,6,12,12,4.0,2.0,1.0,0.0,1.74,2.31,E1,2024-2025
2024-12-21,Burnley,Watford,15,9,5,2,7,3,12,16,3.0,1.0,,,1.2,0.46,E1,2024-2025
2024-12-21,Cardiff City,Sheffield United,8,12,2,5,3,5,13,11,3.0,1.0,,,0.24,0.78,E1,2024-2025
2024-12-21,Leeds United,Oxford United,23,6,9,0,5,0,7,7,0.0,1.0,,,2.98,0.88,E1,2024-2025
2024-12-21,Millwall,Blackburn Rovers,17,6,4,1,6,4,12,15,0.0,2.0,,,1.0,0.47,E1,2024-2025
2024-12-21,Plymouth Argyle,Middlesbrough,12,17,5,6,3,6,8,8,2.0,2.0,,,3.56,1.91,E1,2024-2025
2024-12-21,Queens Park Rangers,Preston North End,17,2,5,2,5,1,10,16,1.0,2.0,0.0,1.0,1.95,0.23,E1,2024-2025
2024-12-21,Sunderland,Norwich City,7,7,4,4,4,2,15,14,5.0,5.0,0.0,1.0,0.61,0.86,E1,2024-2025
2024-12-22,West Bromwich Albion,Bristol City,17,8,4,2,6,1,8,17,2.0,3.0,,,1.86,0.52,E1,2024-2025
2024-12-26,Blackburn Rovers,Sunderland,12,13,3,4,5,4,11,14,2.0,3.0,,,1.79,1.4,E1,2024-2025
2024-12-26,Bristol City,Luton Town,10,7,3,2,5,3,9,9,2.0,1.0,,,0.33,0.57,E1,2024-2025
2024-12-26,Coventry City,Plymouth Argyle,19,5,9,1,3,4,7,11,0.0,1.0,0.0,1.0,2.05,0.25,E1,2024-2025
2024-12-26,Middlesbrough,Sheffield Wednesday,7,15,4,5,1,9,11,12,2.0,2.0,1.0,0.0,1.29,1.8,E1,2024-2025
2024-12-26,Norwich City,Millwall,9,8,4,2,4,2,8,11,2.0,1.0,,,1.94,0.45,E1,2024-2025
2024-12-26,Oxford United,Cardiff City,13,8,5,3,3,0,14,7,1.0,1.0,,,1.49,0.57,E1,2024-2025
2024-12-26,Preston North End,Hull City,8,10,2,4,2,2,10,13,3.0,1.0,,,0.66,0.74,E1,2024-2025
2024-12-26,Sheffield United,Burnley,9,8,3,4,6,5,10,14,3.0,1.0,,,0.73,0.73,E1,2024-2025
2024-12-26,Swansea City,Queens Park Rangers,10,4,8,0,3,3,13,8,2.0,3.0,,,1.57,0.43,E1,2024-2025
2024-12-26,Watford,Portsmouth,13,5,6,1,11,5,12,13,2.0,6.0,1.0,0.0,1.54,0.22,E1,2024-2025
2024-12-26,Derby County,West Bromwich Albion,13,14,4,3,5,3,13,8,1.0,1.0,,,0.84,1.33,E1,2024-2025
2024-12-26,Stoke City,Leeds United,3,20,2,5,1,7,8,8,4.0,0.0,,,0.46,2.15,E1,2024-2025
2024-12-29,Norwich City,Queens Park Rangers,19,4,4,0,4,4,15,18,1.0,4.0,,,2.01,0.21,E1,2024-2025
2024-12-29,Preston North End,Sheffield Wednesday,14,17,7,3,3,6,15,18,2.0,0.0,,,2.86,1.15,E1,2024-2025
2024-12-29,Sheffield United,West Bromwich Albion,14,10,2,6,2,2,12,11,3.0,2.0,,,1.42,0.96,E1,2024-2025
2024-12-29,Blackburn Rovers,Hull City,15,8,2,3,8,3,12,16,3.0,0.0,,,1.25,1.33,E1,2024-2025
2024-12-29,Bristol City,Portsmouth,20,5,7,2,10,4,11,10,1.0,1.0,,,3.06,0.2,E1,2024-2025
2024-12-29,Coventry City,Millwall,6,10,1,2,5,5,13,15,0.0,1.0,,,0.41,0.6,E1,2024-2025
2024-12-29,Oxford United,Plymouth Argyle,14,11,5,2,9,6,9,15,0.0,2.0,,,1.08,0.42,E1,2024-2025
2024-12-29,Stoke City,Sunderland,11,22,4,7,4,12,17,11,5.0,2.0,,,0.9,2.06,E1,2024-2025
2024-12-29,Swansea City,Luton Town,22,4,9,1,8,1,13,17,1.0,4.0,0.0,1.0,2.44,0.63,E1,2024-2025
2024-12-29,Watford,Cardiff City,9,9,1,3,4,2,15,12,2.0,3.0,,,0.66,1.49,E1,2024-2025
2024-12-29,Derby County,Leeds United,4,17,1,6,2,9,14,9,1.0,1.0,,,0.18,2.67,E1,2024-2025
2024-12-29,Middlesbrough,Burnley,8,8,3,1,1,4,10,12,1.0,3.0,,,0.53,0.69,E1,2024-2025
2025-01-01,Plymouth Argyle,Bristol City,15,14,7,6,1,6,12,12,1.0,1.0,,,1.64,1.68,E1,2024-2025
2025-01-01,Queens Park Rangers,Watford,9,12,5,3,2,6,16,18,4.0,4.0,,,1.28,0.67,E1,2024-2025
2025-01-01,Millwall,Oxford United,15,8,4,2,3,4,15,11,0.0,1.0,,,0.86,0.65,E1,2024-2025
2025-01-01,Burnley,Stoke City,18,14,2,3,6,2,8,16,1.0,4.0,1.0,0.0,1.46,1.26,E1,2024-2025
2025-01-01,Cardiff City,Coventry City,12,17,2,7,6,9,8,9,2.0,0.0,1.0,0.0,0.69,2.29,E1,2024-2025
2025-01-01,Leeds United,Blackburn Rovers,12,4,4,2,8,3,9,15,2.0,4.0,,,1.25,0.41,E1,2024-2025
2025-01-01,Luton Town,Norwich City,14,10,3,2,9,5,11,9,1.0,1.0,,,0.99,0.44,E1,2024-2025
2025-01-01,Portsmouth,Swansea City,14,12,6,3,6,6,12,5,1.0,0.0,,,1.7,1.1,E1,2024-2025
2025-01-01,Sheffield Wednesday,Derby County,13,17,8,8,4,11,8,8,1.0,2.0,,,2.13,2.56,E1,2024-2025
2025-01-01,West Bromwich Albion,Preston North End,12,10,7,5,3,5,12,14,1.0,4.0,,,1.14,0.78,E1,2024-2025
2025-01-01,Hull City,Middlesbrough,7,17,0,6,3,7,14,6,2.0,1.0,,,0.31,0.89,E1,2024-2025
2025-01-01,Sunderland,Sheffield United,14,16,6,3,4,10,13,7,4.0,1.0,,,1.25,1.62,E1,2024-2025
2025-01-04,Blackburn Rovers,Burnley,10,4,0,2,10,0,16,18,2.0,2.0,,,1.02,0.24,E1,2024-2025
2025-01-04,Stoke City,Plymouth Argyle,18,2,3,1,6,3,13,11,1.0,2.0,,,1.01,0.08,E1,2024-2025
2025-01-04,Swansea City,West Bromwich Albion,11,16,2,4,5,6,6,8,2.0,4.0,,,0.91,1.01,E1,2024-2025
2025-01-04,Bristol City,Derby County,11,9,2,3,6,7,7,12,3.0,1.0,,,1.36,0.36,E1,2024-2025
2025-01-04,Hull City,Leeds United,15,17,6,9,5,7,14,9,0.0,1.0,,,2.28,1.9,E1,2024-2025
2025-01-04,Middlesbrough,Cardiff City,9,8,3,2,4,4,9,15,2.0,3.0,,,0.76,0.47,E1,2024-2025
2025-01-04,Norwich City,Coventry City,24,6,9,2,9,1,9,16,1.0,2.0,,,2.02,1.22,E1,2024-2025
2025-01-04,Preston North End,Oxford United,19,5,5,3,4,2,12,13,3.0,3.0,,,2.2,0.42,E1,2024-2025
2025-01-04,Sheffield Wednesday,Millwall,14,14,2,6,4,2,16,17,1.0,3.0,,,1.84,1.32,E1,2024-2025
2025-01-04,Watford,Sheffield United,7,7,4,6,4,0,9,8,2.0,1.0,,,1.52,1.57,E1,2024-2025
2025-01-05,Sunderland,Portsmouth,24,6,8,1,7,3,9,10,1.0,2.0,0.0,1.0,2.47,0.5,E1,2024-2025
2025-01-06,Queens Park Rangers,Luton Town,15,18,6,4,3,4,10,9,1.0,1.0,,,2.18,2.21,E1,2024-2025
2025-01-17,Burnley,Sunderland,9,14,4,3,5,4,9,9,2.0,2.0,,,0.68,2.84,E1,2024-2025
2025-01-18,Cardiff City,Swansea City,11,6,6,2,3,6,14,11,1.0,4.0,,,0.85,0.36,E1,2024-2025
2025-01-18,Millwall,Hull City,12,7,1,2,1,3,13,16,1.0,1.0,,,0.71,0.61,E1,2024-2025
2025-01-18,Plymouth Argyle,Queens Park Rangers,4,15,1,7,8,6,9,9,1.0,3.0,,,0.18,2.9,E1,2024-2025
2025-01-18,Coventry City,Bristol City,16,10,4,2,3,5,3,11,,,,,0.91,0.76,E1,2024-2025
2025-01-18,Derby County,Watford,16,15,3,5,4,8,11,11,1.0,3.0,,,1.81,1.96,E1,2024-2025
2025-01-18,Luton Town,Preston North End,9,2,4,0,3,1,13,21,3.0,2.0,,,0.48,0.01,E1,2024-2025
2025-01-18,Oxford United,Blackburn Rovers,17,14,7,4,4,3,12,10,1.0,3.0,,,1.3,0.91,E1,2024-2025
2025-01-18,Portsmouth,Middlesbrough,13,12,5,5,7,4,11,9,1.0,3.0,,,0.85,1.63,E1,2024-2025
2025-01-18,Sheffield United,Norwich City,22,10,6,0,7,6,9,12,1.0,2.0,,,2.09,0.35,E1,2024-2025
2025-01-18,West Bromwich Albion,Stoke City,23,5,4,2,12,0,6,11,2.0,0.0,,,1.74,1.15,E1,2024-2025
2025-01-19,Leeds United,Sheffield Wednesday,16,6,5,3,9,6,11,13,1.0,2.0,,,1.93,0.44,E1,2024-2025
2025-01-21,Blackburn Rovers,Coventry City,14,9,7,4,4,4,11,15,0.0,1.0,,,0.95,2.73,E1,2024-2025
2025-01-21,Derby County,Sunderland,10,8,3,3,8,4,9,12,1.0,1.0,,,0.73,0.93,E1,2024-2025
2025-01-21,Hull City,Queens Park Rangers,12,8,3,4,4,3,14,13,3.0,1.0,,,1.15,1.32,E1,2024-2025
2025-01-21,Middlesbrough,West Bromwich Albion,14,15,4,1,5,5,13,7,1.0,0.0,,,0.9,0.96,E1,2024-2025
2025-01-21,Oxford United,Luton Town,11,8,5,3,6,5,11,17,3.0,3.0,,,0.9,0.68,E1,2024-2025
2025-01-21,Swansea City,Sheffield United,8,14,5,3,1,2,11,20,3.0,4.0,1.0,0.0,1.51,1.84,E1,2024-2025
2025-01-21,Watford,Preston North End,10,15,4,8,4,2,8,14,0.0,2.0,,,0.38,2.44,E1,2024-2025
2025-01-21,Millwall,Cardiff City,7,13,3,5,4,2,10,11,,,,,0.52,1.0,E1,2024-2025
2025-01-22,Leeds United,Norwich City,14,3,7,0,8,4,11,11,4.0,2.0,,,1.34,0.12,E1,2024-2025
2025-01-22,Portsmouth,Stoke City,17,8,7,2,7,1,12,9,2.0,5.0,,,2.12,0.67,E1,2024-2025
2025-01-22,Sheffield Wednesday,Bristol City,16,13,5,3,7,4,12,8,2.0,2.0,,,1.04,0.92,E1,2024-2025
2025-01-22,Plymouth Argyle,Burnley,4,17,1,9,1,5,14,9,1.0,0.0,,,0.38,2.93,E1,2024-2025
2025-01-24,Sheffield United,Hull City,17,8,3,5,11,1,8,15,0.0,2.0,,,1.27,0.38,E1,2024-2025
2025-01-25,Luton Town,Millwall,12,13,2,6,7,5,11,19,2.0,4.0,,,1.45,1.58,E1,2024-2025
2025-01-25,Norwich City,Swansea City,18,12,8,3,7,8,10,9,2.0,1.0,,,3.02,1.33,E1,2024-2025
2025-01-25,Stoke City,Oxford United,7,13,4,4,5,5,14,10,3.0,4.0,,,0.39,1.17,E1,2024-2025
2025-01-25,Bristol City,Blackburn Rovers,16,10,5,3,1,7,8,19,1.0,4.0,,,1.93,1.89,E1,2024-2025
2025-01-25,Cardiff City,Derby County,17,9,9,6,5,10,12,11,2.0,1.0,,,2.27,1.24,E1,2024-2025
2025-01-25,Coventry City,Watford,14,12,2,3,5,3,10,12,3.0,4.0,,,1.44,0.6,E1,2024-2025
2025-01-25,Preston North End,Middlesbrough,10,16,4,6,6,4,11,6,3.0,1.0,,,0.41,1.33,E1,2024-2025
2025-01-25,Queens Park Rangers,Sheffield Wednesday,13,15,2,5,12,6,10,16,2.0,1.0,,,0.38,0.91,E1,2024-2025
2025-01-25,Sunderland,Plymouth Argyle,12,7,5,3,7,2,7,21,1.0,4.0,,,0.59,1.05,E1,2024-2025
2025-01-25,West Bromwich Albion,Portsmouth,18,14,11,4,7,5,5,14,0.0,3.0,,,2.99,1.7,E1,2024-2025
2025-01-27,Burnley,Leeds United,4,8,0,1,1,5,9,11,0.0,3.0,,,0.19,0.36,E1,2024-2025
2025-01-31,Blackburn Rovers,Preston North End,13,11,2,2,7,3,13,6,1.0,1.0,,,1.79,0.82,E1,2024-2025
2025-02-01,Oxford United,Bristol City,20,7,4,2,5,3,9,14,4.0,4.0,0.0,2.0,1.01,0.58,E1,2024-2025
2025-02-01,Plymouth Argyle,West Bromwich Albion,8,11,4,4,2,5,10,4,0.0,1.0,,,1.68,1.97,E1,2024-2025
2025-02-01,Watford,Norwich City,9,16,1,5,3,6,14,8,3.0,0.0,1.0,0.0,0.71,2.57,E1,2024-2025
2025-02-01,Derby County,Sheffield United,10,6,2,3,2,2,10,12,1.0,1.0,,,0.71,0.91,E1,2024-2025
2025-02-01,Hull City,Stoke City,22,11,8,5,8,4,10,11,1.0,1.0,,,1.73,1.19,E1,2024-2025
2025-02-01,Leeds United,Cardiff City,29,2,11,2,14,1,10,17,0.0,2.0,,,5.74,0.06,E1,2024-2025
2025-02-01,Millwall,Queens Park Rangers,7,13,4,5,2,11,10,12,1.0,2.0,,,0.61,0.79,E1,2024-2025
2025-02-01,Portsmouth,Burnley,18,14,3,6,3,3,10,9,3.0,1.0,,,1.28,0.62,E1,2024-2025
2025-02-01,Sheffield Wednesday,Luton Town,17,8,4,1,9,5,11,12,1.0,1.0,,,2.78,0.4,E1,2024-2025
2025-02-01,Swansea City,Coventry City,6,16,1,4,8,2,13,11,2.0,0.0,,,0.18,1.75,E1,2024-2025
2025-02-03,Middlesbrough,Sunderland,12,12,4,9,1,5,11,15,2.0,3.0,,,1.43,2.07,E1,2024-2025
2025-02-04,Burnley,Oxford United,15,7,7,0,12,3,10,11,2.0,2.0,,,1.6,0.25,E1,2024-2025
2025-02-04,Queens Park Rangers,Blackburn Rovers,17,10,6,4,11,2,9,11,,,,,1.27,1.6,E1,2024-2025
2025-02-05,Coventry City,Leeds United,9,20,4,8,3,8,11,10,2.0,1.0,,,0.5,3.64,E1,2024-2025
2025-02-08,Sunderland,Watford,14,11,7,5,7,3,12,20,4.0,2.0,,,2.97,1.54,E1,2024-2025
2025-02-08,West Bromwich Albion,Sheffield Wednesday,15,15,5,4,12,2,8,8,2.0,3.0,1.0,0.0,1.59,1.38,E1,2024-2025
2025-02-08,Norwich City,Derby County,8,6,3,2,2,4,8,7,2.0,2.0,,,0.69,1.1,E1,2024-2025
2025-02-08,Sheffield United,Portsmouth,11,16,3,5,5,5,17,10,4.0,1.0,,,1.12,3.06,E1,2024-2025
2025-02-09,Bristol City,Swansea City,19,9,3,5,11,3,9,8,,,,,1.04,1.75,E1,2024-2025
2025-02-18,Preston North End,Millwall,16,9,4,3,7,4,10,16,0.0,4.0,,,1.48,0.33,E1,2024-2025
2025-02-19,Luton Town,Plymouth Argyle,17,3,2,1,10,2,7,18,0.0,2.0,,,1.74,0.26,E1,2024-2025
2025-02-25,Cardiff City,Hull City,8,4,4,1,5,3,12,9,2.0,2.0,,,0.51,0.27,E1,2024-2025
2025-02-25,Stoke City,Middlesbrough,12,16,3,6,5,1,10,6,2.0,2.0,,,1.15,2.28,E1,2024-2025
2025-02-11,Coventry City,Queens Park Rangers,10,12,6,3,10,9,10,8,3.0,2.0,,,1.12,0.84,E1,2024-2025
2025-02-11,Derby County,Oxford United,14,6,4,1,3,4,11,4,1.0,0.0,,,0.85,0.25,E1,2024-2025
2025-02-11,Portsmouth,Cardiff City,19,12,8,6,10,4,9,9,2.0,2.0,,,1.56,0.83,E1,2024-2025
2025-02-11,Watford,Leeds United,6,20,2,7,7,7,12,6,,,,,0.56,2.05,E1,2024-2025
2025-02-11,Norwich City,Preston North End,11,8,1,1,8,3,14,11,2.0,3.0,,,0.72,0.99,E1,2024-2025
2025-02-12,Bristol City,Stoke City,10,5,6,0,2,1,12,9,2.0,2.0,,,1.5,0.39,E1,2024-2025
2025-02-12,Burnley,Hull City,16,9,5,3,9,3,5,11,0.0,1.0,,,1.62,0.39,E1,2024-2025
2025-02-12,Plymouth Argyle,Millwall,13,13,7,6,2,6,19,10,1.0,0.0,,,2.44,0.83,E1,2024-2025
2025-02-12,Sunderland,Luton Town,13,4,3,1,6,1,6,9,0.0,2.0,,,1.31,0.31,E1,2024-2025
2025-02-12,Swansea City,Sheffield Wednesday,4,10,1,5,1,7,10,12,0.0,2.0,,,0.18,0.82,E1,2024-2025
2025-02-12,Sheffield United,Middlesbrough,18,10,9,4,10,4,11,11,2.0,3.0,,,2.63,1.29,E1,2024-2025
2025-02-12,West Bromwich Albion,Blackburn Rovers,13,6,3,4,11,1,7,11,0.0,1.0,,,0.56,0.7,E1,2024-2025
2025-02-14,Queens Park Rangers,Derby County,12,8,5,1,2,3,9,14,0.0,2.0,,,0.95,0.8,E1,2024-2025
2025-02-15,Cardiff City,Bristol City,13,11,6,4,4,5,12,9,2.0,2.0,,,1.69,1.1,E1,2024-2025
2025-02-15,Oxford United,Portsmouth,10,13,1,4,4,5,8,12,0.0,2.0,,,1.42,1.99,E1,2024-2025
2025-02-15,Preston North End,Burnley,5,11,1,2,2,6,18,13,2.0,3.0,,,0.24,1.0,E1,2024-2025
2025-02-15,Blackburn Rovers,Plymouth Argyle,17,7,7,3,6,3,6,17,0.0,2.0,,,2.21,0.92,E1,2024-2025
2025-02-15,Hull City,Norwich City,12,15,4,3,5,3,14,13,1.0,2.0,,,0.93,1.42,E1,2024-2025
2025-02-15,Luton Town,Sheffield United,14,12,5,4,5,3,12,10,1.0,3.0,,,1.45,2.23,E1,2024-2025
2025-02-15,Middlesbrough,Watford,13,14,5,6,8,5,7,7,2.0,2.0,,,0.91,1.57,E1,2024-2025
2025-02-15,Millwall,West Bromwich Albion,11,7,6,3,5,2,15,15,1.0,2.0,,,0.72,0.45,E1,2024-2025
2025-02-15,Sheffield Wednesday,Coventry City,22,9,8,4,10,1,11,9,0.0,1.0,,,1.56,1.51,E1,2024-2025
2025-02-15,Stoke City,Swansea City,8,7,5,2,1,6,19,8,3.0,1.0,,,0.9,0.87,E1,2024-2025
2025-02-17,Leeds United,Sunderland,21,6,4,6,10,0,11,11,3.0,6.0,,,2.05,0.52,E1,2024-2025
2025-02-21,Bristol City,Middlesbrough,21,11,7,4,4,1,10,13,0.0,2.0,,,2.33,1.35,E1,2024-2025
2025-02-21,Burnley,Sheffield Wednesday,7,11,4,2,3,9,10,16,3.0,4.0,,,1.46,1.16,E1,2024-2025
2025-02-22,Derby County,Millwall,9,11,0,4,4,4,10,8,2.0,0.0,,,0.4,2.4,E1,2024-2025
2025-02-22,Plymouth Argyle,Cardiff City,14,11,1,3,0,6,13,13,4.0,3.0,0.0,1.0,0.98,1.43,E1,2024-2025
2025-02-22,Sunderland,Hull City,17,8,2,4,5,3,6,15,0.0,3.0,,,1.13,0.92,E1,2024-2025
2025-02-22,Coventry City,Preston North End,17,7,9,3,10,3,10,10,0.0,1.0,,,1.78,0.97,E1,2024-2025
2025-02-22,Norwich City,Stoke City,16,7,7,4,4,4,5,8,0.0,1.0,,,2.87,1.65,E1,2024-2025
2025-02-22,Portsmouth,Queens Park Rangers,7,9,3,4,5,1,16,11,3.0,2.0,,,1.68,0.71,E1,2024-2025
2025-02-22,Swansea City,Blackburn Rovers,14,6,5,2,5,7,7,15,0.0,3.0,,,2.11,0.23,E1,2024-2025
2025-02-22,West Bromwich Albion,Oxford United,22,5,5,0,13,2,8,10,2.0,3.0,,,2.72,0.27,E1,2024-2025
2025-02-23,Watford,Luton Town,10,10,5,2,4,6,13,17,2.0,2.0,,,2.42,0.69,E1,2024-2025
2025-02-24,Sheffield United,Leeds United,10,18,4,8,3,5,9,7,1.0,1.0,,,1.22,1.45,E1,2024-2025
2025-02-28,Sheffield Wednesday,Sunderland,9,11,4,4,5,9,10,13,1.0,1.0,,,1.13,1.04,E1,2024-2025
2025-03-01,Blackburn Rovers,Norwich City,10,11,1,3,5,2,15,11,2.0,1.0,1.0,0.0,1.06,0.56,E1,2024-2025
2025-03-01,Leeds United,West Bromwich Albion,15,7,2,3,10,3,13,11,,,,,1.29,0.77,E1,2024-2025
2025-03-01,Oxford United,Coventry City,10,18,4,6,3,11,14,10,3.0,3.0,,,1.09,2.64,E1,2024-2025
2025-03-01,Luton Town,Portsmouth,10,7,2,1,2,7,10,14,2.0,4.0,,,0.74,0.46,E1,2024-2025
2025-03-01,Middlesbrough,Derby County,18,5,6,1,5,3,9,13,1.0,2.0,,,1.0,0.2,E1,2024-2025
2025-03-01,Queens Park Rangers,Sheffield United,16,8,4,2,6,2,15,14,3.0,3.0,,,1.4,0.91,E1,2024-2025
2025-03-01,Stoke City,Watford,8,8,2,1,4,5,15,12,1.0,2.0,,,0.61,0.51,E1,2024-2025
2025-03-04,Cardiff City,Burnley,9,12,2,5,5,6,9,7,0.0,3.0,,,1.27,1.63,E1,2024-2025
2025-03-04,Hull City,Plymouth Argyle,11,3,5,0,7,4,11,12,1.0,3.0,,,2.52,0.23,E1,2024-2025
2025-03-04,Millwall,Bristol City,13,11,1,5,4,6,5,11,,,,,0.92,1.83,E1,2024-2025
2025-03-04,Preston North End,Swansea City,20,8,5,1,6,1,12,7,,,,,1.88,0.49,E1,2024-2025
2025-03-07,Norwich City,Oxford United,15,3,6,2,12,1,7,11,0.0,2.0,,,1.69,0.4,E1,2024-2025
2025-03-08,Coventry City,Stoke City,14,11,3,4,7,5,8,8,1.0,3.0,,,0.91,2.16,E1,2024-2025
2025-03-08,Watford,Millwall,14,11,5,4,11,4,7,7,0.0,1.0,,,1.53,0.7,E1,2024-2025
2025-03-08,Bristol City,Hull City,25,5,9,1,14,1,9,5,1.0,3.0,0.0,1.0,2.41,1.02,E1,2024-2025
2025-03-08,Burnley,Luton Town,16,3,3,2,6,4,5,18,3.0,4.0,0.0,1.0,2.74,0.24,E1,2024-2025
2025-03-08,Derby County,Blackburn Rovers,9,13,2,4,2,4,15,16,3.0,3.0,,,2.23,1.61,E1,2024-2025
2025-03-08,Plymouth Argyle,Sheffield Wednesday,4,7,2,3,2,2,16,14,3.0,5.0,,,0.26,1.59,E1,2024-2025
2025-03-08,Sheffield United,Preston North End,11,8,5,3,8,3,13,14,1.0,4.0,,,1.44,0.3,E1,2024-2025
2025-03-08,Sunderland,Cardiff City,19,6,4,2,4,3,10,16,1.0,2.0,,,2.45,0.5,E1,2024-2025
2025-03-08,Swansea City,Middlesbrough,13,9,4,1,5,6,16,12,1.0,1.0,,,0.93,0.38,E1,2024-2025
2025-03-08,West Bromwich Albion,Queens Park Rangers,2,10,1,1,3,4,13,14,4.0,4.0,1.0,0.0,0.86,1.07,E1,2024-2025
2025-03-09,Portsmouth,Leeds United,13,13,3,4,7,6,9,9,2.0,0.0,,,0.72,2.36,E1,2024-2025
2025-03-11,Burnley,West Bromwich Albion,8,7,2,3,6,2,10,17,0.0,2.0,1.0,0.0,1.5,0.65,E1,2024-2025
2025-03-11,Cardiff City,Luton Town,12,9,4,4,4,3,10,9,1.0,1.0,,,0.74,1.0,E1,2024-2025
2025-03-11,Derby County,Coventry City,6,13,2,4,4,8,6,8,2.0,1.0,,,0.79,0.72,E1,2024-2025
2025-03-11,Middlesbrough,Queens Park Rangers,16,9,5,5,4,4,9,10,,,,,1.1,0.93,E1,2024-2025
2025-03-11,Norwich City,Sheffield Wednesday,10,15,3,5,9,3,14,10,0.0,4.0,,,1.49,2.0,E1,2024-2025
2025-03-11,Sunderland,Preston North End,20,15,2,2,7,2,10,11,1.0,3.0,,,2.08,0.79,E1,2024-2025
2025-03-11,Sheffield United,Bristol City,13,23,5,4,5,4,8,9,1.0,3.0,,,1.36,1.56,E1,2024-2025
2025-03-12,Hull City,Oxford United,14,12,3,3,4,6,13,7,4.0,2.0,1.0,0.0,1.66,0.57,E1,2024-2025
2025-03-12,Leeds United,Millwall,18,4,2,0,4,3,7,12,,,,,0.9,0.2,E1,2024-2025
2025-03-12,Portsmouth,Plymouth Argyle,16,6,3,3,7,0,13,15,2.0,3.0,0.0,1.0,1.72,0.25,E1,2024-2025
2025-03-12,Watford,Swansea City,9,12,2,3,1,6,16,3,3.0,2.0,,,0.58,0.68,E1,2024-2025
2025-03-12,Stoke City,Blackburn Rovers,8,10,3,2,3,4,16,14,2.0,2.0,,,1.41,0.65,E1,2024-2025
2025-03-14,Bristol City,Norwich City,13,20,5,6,5,3,11,10,4.0,1.0,,,1.03,2.66,E1,2024-2025
2025-03-15,Millwall,Stoke City,11,5,4,1,7,5,8,13,2.0,6.0,,,1.16,0.7,E1,2024-2025
2025-03-15,Queens Park Rangers,Leeds United,8,10,4,3,1,8,17,12,3.0,2.0,1.0,0.0,0.78,1.37,E1,2024-2025
2025-03-15,Blackburn Rovers,Cardiff City,8,10,2,4,3,1,14,11,0.0,1.0,,,0.48,0.74,E1,2024-2025
2025-03-15,Coventry City,Sunderland,21,6,5,1,6,1,9,11,1.0,2.0,,,2.86,0.44,E1,2024-2025
2025-03-15,Luton Town,Middlesbrough,19,7,5,0,9,2,18,12,2.0,3.0,,,2.46,0.24,E1,2024-2025
2025-03-15,Oxford United,Watford,8,16,3,4,4,5,11,8,2.0,3.0,0.0,1.0,0.49,1.33,E1,2024-2025
2025-03-15,Plymouth Argyle,Derby County,11,9,3,5,7,3,4,13,0.0,3.0,,,0.96,0.93,E1,2024-2025
2025-03-15,Preston North End,Portsmouth,14,9,6,2,6,5,13,14,3.0,1.0,1.0,0.0,2.51,0.58,E1,2024-2025
2025-03-15,Swansea City,Burnley,5,12,1,5,4,4,12,12,1.0,0.0,,,0.44,1.9,E1,2024-2025
2025-03-15,West Bromwich Albion,Hull City,16,7,3,4,6,5,6,14,1.0,5.0,,,0.99,0.25,E1,2024-2025
2025-03-16,Sheffield Wednesday,Sheffield United,14,10,3,2,7,2,18,8,3.0,3.0,,,1.3,1.3,E1,2024-2025
2025-03-28,Sheffield United,Coventry City,16,11,6,4,8,2,11,9,1.0,2.0,,,1.64,1.18,E1,2024-2025
2025-03-29,Hull City,Luton Town,14,8,3,2,10,4,10,10,,,,,0.68,0.69,E1,2024-2025
2025-03-29,Watford,Plymouth Argyle,17,7,1,1,14,5,11,11,1.0,3.0,,,1.93,0.6,E1,2024-2025
2025-03-29,Burnley,Bristol City,14,4,3,1,7,2,11,9,,,,,1.9,0.29,E1,2024-2025
2025-03-29,Cardiff City,Sheffield Wednesday,14,9,5,2,9,1,12,10,2.0,1.0,,,1.72,0.43,E1,2024-2025
2025-03-29,Leeds United,Swansea City,15,9,7,6,5,4,13,16,3.0,4.0,,,1.78,1.57,E1,2024-2025
2025-03-29,Middlesbrough,Oxford United,24,9,4,3,11,5,5,11,0.0,2.0,,,2.4,1.45,E1,2024-2025
2025-03-29,Norwich City,West Bromwich Albion,9,16,3,7,3,6,15,12,1.0,0.0,,,0.97,1.22,E1,2024-2025
2025-03-29,Portsmouth,Blackburn Rovers,3,9,2,3,2,5,13,13,4.0,2.0,,,0.31,0.56,E1,2024-2025
2025-03-29,Stoke City,Queens Park Rangers,11,9,6,3,3,2,10,9,1.0,3.0,,,1.53,0.54,E1,2024-2025
2025-03-29,Sunderland,Millwall,13,5,6,2,6,1,14,13,4.0,3.0,,,2.2,0.82,E1,2024-2025
2025-04-02,Derby County,Preston North End,7,5,2,1,4,3,11,10,1.0,2.0,,,0.74,0.3,E1,2024-2025
2025-04-04,Blackburn Rovers,Middlesbrough,7,12,2,3,4,2,15,10,2.0,0.0,,,0.42,0.92,E1,2024-2025
2025-04-05,Coventry City,Burnley,14,13,4,6,1,5,14,18,2.0,4.0,,,1.5,1.63,E1,2024-2025
2025-04-05,Luton Town,Leeds United,7,8,3,5,0,5,15,13,1.0,2.0,,,0.9,1.57,E1,2024-2025
2025-04-05,West Bromwich Albion,Sunderland,21,7,3,3,6,6,15,14,2.0,3.0,,,1.71,0.23,E1,2024-2025
2025-04-05,Bristol City,Watford,7,8,4,3,2,2,11,9,1.0,1.0,,,0.67,0.28,E1,2024-2025
2025-04-05,Millwall,Portsmouth,14,6,3,3,11,4,20,13,0.0,4.0,,,1.3,0.63,E1,2024-2025
2025-04-05,Oxford United,Sheffield United,9,15,3,4,2,10,6,8,2.0,3.0,,,1.09,1.26,E1,2024-2025
2025-04-05,Plymouth Argyle,Norwich City,8,9,4,4,2,5,11,9,,,,,1.75,1.14,E1,2024-2025
2025-04-05,Preston North End,Stoke City,6,15,2,5,1,9,9,15,4.0,3.0,,,0.53,2.42,E1,2024-2025
2025-04-05,Queens Park Rangers,Cardiff City,11,13,4,2,7,4,13,10,1.0,1.0,,,0.54,0.59,E1,2024-2025
2025-04-05,Sheffield Wednesday,Hull City,15,8,4,2,5,3,14,13,2.0,1.0,,,1.05,0.63,E1,2024-2025
2025-04-05,Swansea City,Derby County,3,12,1,2,4,3,7,12,0.0,2.0,,,0.25,0.65,E1,2024-2025
2025-04-08,Blackburn Rovers,Sheffield Wednesday,11,9,5,3,8,4,10,11,3.0,4.0,,,1.6,0.92,E1,2024-2025
2025-04-08,Bristol City,West Bromwich Albion,12,13,7,5,4,5,8,14,2.0,1.0,0.0,1.0,0.8,1.87,E1,2024-2025
2025-04-08,Derby County,Burnley,9,7,1,2,8,4,14,8,2.0,0.0,,,1.32,0.77,E1,2024-2025
2025-04-08,Norwich City,Sunderland,11,7,4,3,4,4,13,14,2.0,4.0,,,0.95,0.75,E1,2024-2025
2025-04-08,Preston North End,Cardiff City,14,14,4,6,4,6,13,12,0.0,2.0,,,1.75,1.02,E1,2024-2025
2025-04-08,Sheffield United,Millwall,25,7,5,2,11,4,5,18,0.0,1.0,,,1.62,0.52,E1,2024-2025
2025-04-08,Stoke City,Luton Town,10,15,4,3,4,6,12,13,2.0,2.0,,,0.38,1.0,E1,2024-2025
2025-04-08,Watford,Hull City,9,16,2,5,7,3,7,6,3.0,0.0,,,0.61,0.67,E1,2024-2025
2025-04-08,Middlesbrough,Leeds United,17,5,2,3,4,4,11,11,1.0,1.0,,,1.32,1.01,E1,2024-2025
2025-04-09,Oxford United,Queens Park Rangers,12,11,5,6,7,7,14,11,2.0,3.0,,,0.6,1.42,E1,2024-2025
2025-04-09,Swansea City,Plymouth Argyle,18,6,8,3,3,1,11,12,0.0,2.0,,,2.7,0.56,E1,2024-2025
2025-04-09,Coventry City,Portsmouth,16,10,3,1,5,4,9,8,1.0,3.0,,,1.33,0.97,E1,2024-2025
2025-04-11,Burnley,Norwich City,8,12,2,2,5,5,14,14,2.0,2.0,,,0.94,1.59,E1,2024-2025
2025-04-12,Leeds United,Preston North End,20,3,5,2,6,5,4,7,2.0,1.0,,,3.43,0.33,E1,2024-2025
2025-04-12,Plymouth Argyle,Sheffield United,8,8,3,3,3,9,9,12,1.0,1.0,,,0.83,0.63,E1,2024-2025
2025-04-12,Cardiff City,Stoke City,16,12,3,5,3,3,13,11,1.0,3.0,,,1.52,1.04,E1,2024-2025
2025-04-12,Luton Town,Blackburn Rovers,18,4,3,2,9,2,7,13,1.0,5.0,0.0,1.0,0.74,0.4,E1,2024-2025
2025-04-12,Millwall,Middlesbrough,13,11,4,4,2,4,21,10,1.0,0.0,,,1.63,0.69,E1,2024-2025
2025-04-12,Portsmouth,Derby County,15,10,5,4,6,3,13,18,5.0,4.0,,,1.82,1.43,E1,2024-2025
2025-04-12,Queens Park Rangers,Bristol City,13,5,4,1,3,6,10,12,2.0,1.0,,,1.81,0.93,E1,2024-2025
2025-04-12,Sheffield Wednesday,Oxford United,15,13,2,5,4,5,6,12,1.0,2.0,,,0.98,1.11,E1,2024-2025
2025-04-12,Sunderland,Swansea City,12,9,3,2,4,1,13,16,2.0,3.0,,,0.67,0.9,E1,2024-2025
2025-04-12,West Bromwich Albion,Watford,11,15,5,3,3,6,10,12,4.0,2.0,,,1.82,0.94,E1,2024-2025
2025-04-14,Hull City,Coventry City,9,14,3,8,7,7,12,9,0.0,1.0,,,0.97,0.99,E1,2024-2025
2025-04-18,Derby County,Luton Town,14,8,5,1,9,4,9,13,2.0,2.0,,,1.75,0.52,E1,2024-2025
2025-04-18,Blackburn Rovers,Millwall,17,12,6,6,8,6,8,20,0.0,1.0,,,1.78,1.37,E1,2024-2025
2025-04-18,Bristol City,Sunderland,27,4,7,2,5,2,5,9,1.0,3.0,0.0,1.0,2.0,0.37,E1,2024-2025
2025-04-18,Coventry City,West Bromwich Albion,10,7,4,0,5,5,17,13,3.0,2.0,0.0,1.0,1.16,0.87,E1,2024-2025
2025-04-18,Middlesbrough,Plymouth Argyle,22,19,8,5,11,1,8,12,0.0,2.0,0.0,1.0,2.98,2.09,E1,2024-2025
2025-04-18,Norwich City,Portsmouth,11,22,6,10,6,5,12,11,1.0,3.0,,,1.17,2.71,E1,2024-2025
2025-04-18,Preston North End,Queens Park Rangers,9,14,2,5,4,4,11,13,1.0,2.0,,,0.77,1.4,E1,2024-2025
2025-04-18,Stoke City,Sheffield Wednesday,10,9,3,1,2,4,16,14,2.0,2.0,,,1.05,1.05,E1,2024-2025
2025-04-18,Swansea City,Hull City,20,11,3,3,4,7,15,15,2.0,4.0,0.0,1.0,1.39,0.56,E1,2024-2025
2025-04-18,Watford,Burnley,11,16,5,7,4,1,17,4,7.0,4.0,2.0,0.0,1.05,1.96,E1,2024-2025
2025-04-18,Sheffield United,Cardiff City,15,11,5,3,6,1,9,8,1.0,1.0,,,1.34,0.83,E1,2024-2025
2025-04-18,Oxford United,Leeds United,9,11,2,4,2,5,16,6,4.0,2.0,,,0.44,1.83,E1,2024-2025
2025-04-21,Cardiff City,Oxford United,12,2,3,1,4,0,14,17,1.0,3.0,,,0.99,0.07,E1,2024-2025
2025-04-21,Hull City,Preston North End,16,16,6,2,9,6,7,8,0.0,4.0,,,2.32,1.04,E1,2024-2025
2025-04-21,Leeds United,Stoke City,18,5,11,1,5,1,7,9,1.0,0.0,,,3.43,0.59,E1,2024-2025
2025-04-21,Luton Town,Bristol City,16,12,7,4,3,4,11,12,0.0,3.0,,,1.37,0.7,E1,2024-2025
2025-04-21,Millwall,Norwich City,16,4,5,1,5,4,10,9,1.0,3.0,,,1.8,0.35,E1,2024-2025
2025-04-21,Plymouth Argyle,Coventry City,11,11,6,3,3,4,9,8,1.0,1.0,,,2.48,1.91,E1,2024-2025
2025-04-21,Portsmouth,Watford,19,10,10,3,6,3,13,12,4.0,3.0,0.0,1.0,3.19,0.65,E1,2024-2025
2025-04-21,Queens Park Rangers,Swansea City,6,10,2,2,5,3,19,17,1.0,1.0,,,0.31,1.77,E1,2024-2025
2025-04-21,Sheffield Wednesday,Middlesbrough,25,16,11,5,5,6,15,9,3.0,4.0,,,3.56,2.12,E1,2024-2025
2025-04-21,Sunderland,Blackburn Rovers,16,2,2,1,10,2,7,15,1.0,2.0,,,0.81,0.29,E1,2024-2025
2025-04-21,West Bromwich Albion,Derby County,13,5,2,4,4,3,10,12,1.0,2.0,,,0.9,0.88,E1,2024-2025
2025-04-21,Burnley,Sheffield United,10,15,4,4,3,4,11,14,1.0,3.0,,,2.04,0.8,E1,2024-2025
2025-04-25,Stoke City,Sheffield United,10,13,3,5,8,3,16,11,3.0,2.0,,,0.73,2.16,E1,2024-2025
2025-04-26,Luton Town,Coventry City,23,3,8,0,18,2,9,16,3.0,5.0,1.0,1.0,2.31,0.14,E1,2024-2025
2025-04-26,Queens Park Rangers,Burnley,9,16,2,10,2,6,13,11,4.0,2.0,,,0.47,2.47,E1,2024-2025
2025-04-26,Blackburn Rovers,Watford,10,9,4,2,4,6,12,14,5.0,5.0,,,1.02,0.35,E1,2024-2025
2025-04-26,Cardiff City,West Bromwich Albion,18,17,5,5,9,5,16,10,1.0,0.0,,,1.42,1.47,E1,2024-2025
2025-04-26,Hull City,Derby County,15,6,2,2,5,3,11,15,1.0,2.0,,,0.4,0.29,E1,2024-2025
2025-04-26,Middlesbrough,Norwich City,16,10,5,4,10,3,12,15,1.0,2.0,,,0.67,0.64,E1,2024-2025
2025-04-26,Millwall,Swansea City,16,12,4,4,4,7,11,9,1.0,1.0,,,1.67,1.03,E1,2024-2025
2025-04-26,Oxford United,Sunderland,17,10,4,0,3,6,15,10,3.0,1.0,,,1.61,0.59,E1,2024-2025
2025-04-26,Preston North End,Plymouth Argyle,20,5,7,3,9,2,9,14,2.0,3.0,,,2.42,0.8,E1,2024-2025
2025-04-26,Sheffield Wednesday,Portsmouth,19,2,5,1,5,5,14,7,1.0,2.0,,,1.61,0.93,E1,2024-2025
2025-04-28,Leeds United,Bristol City,22,3,12,1,11,1,6,4,1.0,0.0,,,3.7,0.07,E1,2024-2025
2025-05-03,Bristol City,Preston North End,18,18,2,5,7,3,7,9,2.0,4.0,,,1.89,1.46,E1,2024-2025
2025-05-03,Burnley,Millwall,19,12,9,4,7,4,5,16,1.0,0.0,,,2.26,1.51,E1,2024-2025
2025-05-03,Coventry City,Middlesbrough,17,21,4,6,5,4,12,6,3.0,1.0,,,1.98,1.47,E1,2024-2025
2025-05-03,Derby County,Stoke City,12,4,4,1,5,4,10,9,2.0,1.0,,,1.49,0.25,E1,2024-2025
2025-05-03,Norwich City,Cardiff City,22,19,8,6,6,9,13,9,3.0,2.0,0.0,1.0,2.97,1.77,E1,2024-2025
2025-05-03,Plymouth Argyle,Leeds United,6,25,0,4,1,7,16,8,2.0,2.0,,,0.49,3.08,E1,2024-2025
2025-05-03,Portsmouth,Hull City,11,11,2,4,5,5,7,18,0.0,2.0,,,0.78,2.28,E1,2024-2025
2025-05-03,Sheffield United,Blackburn Rovers,18,7,5,2,8,4,16,11,2.0,0.0,,,2.51,0.6,E1,2024-2025
2025-05-03,Sunderland,Queens Park Rangers,11,5,5,1,11,1,13,11,2.0,3.0,,,0.57,0.36,E1,2024-2025
2025-05-03,Swansea City,Oxford United,12,10,5,7,5,4,8,10,0.0,2.0,,,1.17,1.92,E1,2024-2025
2025-05-03,Watford,Sheffield Wednesday,18,7,5,2,8,2,15,12,0.0,1.0,,,1.56,1.52,E1,2024-2025
2025-05-03,West Bromwich Albion,Luton Town,19,12,5,4,6,4,9,22,2.0,2.0,,,2.18,0.54,E1,2024-2025
